date,sender_email,mail_count
2024-12-29,abhinavchebrolu@gonav.in,38
2024-12-29,support@99papers.in,38
2024-12-29,greetings@docs-99papers.in,38
2024-12-29,greetings@99papers.co.in,38
2024-12-29,greetings@draftwith-99papers.in,38
2024-12-29,greetings@startupwith-99papers.in,38
2024-12-29,greetings@drafting-99papers.in,38
2024-12-29,greetings@documents-99papers.in,38
2024-12-29,greetings@biz-99papers.in,38
2024-12-29,greetings@b2bwith-99papers.in,38
2024-12-29,greetings@startwith-99papers.in,38
2024-12-30,abhinavchebrolu@gonav.in,35
2024-12-30,support@99papers.in,35
2024-12-30,greetings@docs-99papers.in,35
2024-12-30,greetings@99papers.co.in,35
2024-12-30,greetings@draftwith-99papers.in,35
2024-12-30,greetings@startupwith-99papers.in,35
2024-12-30,greetings@drafting-99papers.in,35
2024-12-30,greetings@documents-99papers.in,35
2024-12-30,greetings@biz-99papers.in,35
2024-12-30,greetings@b2bwith-99papers.in,35
2024-12-30,greetings@startwith-99papers.in,35
